<!DOCTYPE module PUBLIC
        "-//Checkstyle//DTD Checkstyle Configuration 1.3//EN"
        "https://checkstyle.org/dtds/configuration_1_3.dtd">

<module name="Checker">
    <module name="FileTabCharacter"/>
    <module name="TreeWalker">
        <module name="EmptyBlock"/>
        <module name="LeftCurly"/>
        <module name="NeedBraces"/>
        <module name="WhitespaceAfter"/>
        <module name="WhitespaceAround"/>
        <module name="AvoidStarImport"/>
        <module name="UnusedImports"/>
        <module name="FinalLocalVariable"/>
        <module name="MethodParamPad"/>
        <module name="NoLineWrap"/>
        <module name="RedundantImport"/>
        <module name="JavadocStyle"/>
        <module name="SuppressWarnings"/>
        <module name="EqualsAvoidNull"/>
        <module name="MethodName"/>
        <module name="VariableDeclarationUsageDistance"/>
    </module>
</module>
